{
  "Badge Text": "",
  "Working Directory": "/Users/ivuorinen/Code",
  "Prompt Before Closing 2": false,
  "Selected Text Color": {
    "Red Component": 0.80392156862745101,
    "Color Space": "sRGB",
    "Blue Component": 0.95686274509803926,
    "Alpha Component": 1,
    "Green Component": 0.83921568627450982
  },
  "Rows": 25,
  "Ansi 11 Color": {
    "Red Component": 0.97647058823529409,
    "Color Space": "sRGB",
    "Blue Component": 0.68627450980392157,
    "Alpha Component": 1,
    "Green Component": 0.88627450980392153
  },
  "Use Italic Font": true,
  "Foreground Color": {
    "Red Component": 0.80392156862745101,
    "Color Space": "sRGB",
    "Blue Component": 0.95686274509803926,
    "Alpha Component": 1,
    "Green Component": 0.83921568627450982
  },
  "Right Option Key Sends": 0,
  "Character Encoding": 4,
  "Selection Color": {
    "Red Component": 0.34509803921568627,
    "Color Space": "sRGB",
    "Blue Component": 0.4392156862745098,
    "Alpha Component": 1,
    "Green Component": 0.35686274509803922
  },
  "Blend": 0.24709154211956524,
  "Mouse Reporting": true,
  "Cursor Boost": 0,
  "Ansi 4 Color": {
    "Red Component": 0.53725490196078429,
    "Color Space": "sRGB",
    "Blue Component": 0.98039215686274506,
    "Alpha Component": 1,
    "Green Component": 0.70588235294117652
  },
  "Non-ASCII Anti Aliased": true,
  "Sync Title": false,
  "Badge Font": "JetBrainsMonoNerdFontCompleteM-Bold",
  "Disable Window Resizing": true,
  "Description": "Default",
  "Close Sessions On End": true,
  "Jobs to Ignore": ["rlogin", "ssh", "slogin", "telnet"],
  "Scrollback Lines": 0,
  "Draw Powerline Glyphs": true,
  "Flashing Bell": true,
  "Cursor Guide Color": {
    "Red Component": 0.80392156862745101,
    "Color Space": "sRGB",
    "Blue Component": 0.95686274509803926,
    "Alpha Component": 0.070000000000000007,
    "Green Component": 0.83921568627450982
  },
  "BM Growl": true,
  "Ansi 3 Color": {
    "Red Component": 0.97647058823529409,
    "Color Space": "sRGB",
    "Blue Component": 0.68627450980392157,
    "Alpha Component": 1,
    "Green Component": 0.88627450980392153
  },
  "Icon": 1,
  "Use Non-ASCII Font": false,
  "Link Color": {
    "Red Component": 0.53725490196078429,
    "Color Space": "sRGB",
    "Blue Component": 0.92156862745098034,
    "Alpha Component": 1,
    "Green Component": 0.86274509803921573
  },
  "Shortcut": "",
  "Background Image Location": "",
  "Bold Color": {
    "Red Component": 0.80392156862745101,
    "Color Space": "sRGB",
    "Blue Component": 0.95686274509803926,
    "Alpha Component": 1,
    "Green Component": 0.83921568627450982
  },
  "Use Cursor Guide": false,
  "Unlimited Scrollback": true,
  "Custom Command": "No",
  "Title Components": 512,
  "Keyboard Map": {
    "0xf700-0x260000": {
      "Action": 10,
      "Text": "[1;6A"
    },
    "0x37-0x40000": {
      "Action": 11,
      "Text": "0x1f"
    },
    "0x32-0x40000": {
      "Action": 11,
      "Text": "0x00"
    },
    "0xf709-0x20000": {
      "Action": 10,
      "Text": "[17;2~"
    },
    "0xf70c-0x20000": {
      "Action": 10,
      "Text": "[20;2~"
    },
    "0xf729-0x20000": {
      "Action": 10,
      "Text": "[1;2H"
    },
    "0xf72b-0x40000": {
      "Action": 10,
      "Text": "[1;5F"
    },
    "0xf705-0x20000": {
      "Action": 10,
      "Text": "[1;2Q"
    },
    "0xf703-0x260000": {
      "Action": 10,
      "Text": "[1;6C"
    },
    "0xf700-0x220000": {
      "Action": 10,
      "Text": "[1;2A"
    },
    "0xf701-0x280000": {
      "Action": 11,
      "Text": "0x1b 0x1b 0x5b 0x42"
    },
    "0x38-0x40000": {
      "Action": 11,
      "Text": "0x7f"
    },
    "0x33-0x40000": {
      "Action": 11,
      "Text": "0x1b"
    },
    "0xf703-0x220000": {
      "Action": 10,
      "Text": "[1;2C"
    },
    "0xf701-0x240000": {
      "Action": 10,
      "Text": "[1;5B"
    },
    "0xf70d-0x20000": {
      "Action": 10,
      "Text": "[21;2~"
    },
    "0xf702-0x260000": {
      "Action": 10,
      "Text": "[1;6D"
    },
    "0xf729-0x40000": {
      "Action": 10,
      "Text": "[1;5H"
    },
    "0xf706-0x20000": {
      "Action": 10,
      "Text": "[1;2R"
    },
    "0x34-0x40000": {
      "Action": 11,
      "Text": "0x1c"
    },
    "0xf700-0x280000": {
      "Action": 11,
      "Text": "0x1b 0x1b 0x5b 0x41"
    },
    "0x2d-0x40000": {
      "Action": 11,
      "Text": "0x1f"
    },
    "0xf70e-0x20000": {
      "Action": 10,
      "Text": "[23;2~"
    },
    "0xf702-0x220000": {
      "Action": 10,
      "Text": "[1;2D"
    },
    "0xf703-0x280000": {
      "Action": 11,
      "Text": "0x1b 0x1b 0x5b 0x43"
    },
    "0xf700-0x240000": {
      "Action": 10,
      "Text": "[1;5A"
    },
    "0xf707-0x20000": {
      "Action": 10,
      "Text": "[1;2S"
    },
    "0xf70a-0x20000": {
      "Action": 10,
      "Text": "[18;2~"
    },
    "0x35-0x40000": {
      "Action": 11,
      "Text": "0x1d"
    },
    "0xf70f-0x20000": {
      "Action": 10,
      "Text": "[24;2~"
    },
    "0xf703-0x240000": {
      "Action": 10,
      "Text": "[1;5C"
    },
    "0xf701-0x260000": {
      "Action": 10,
      "Text": "[1;6B"
    },
    "0xf702-0x280000": {
      "Action": 11,
      "Text": "0x1b 0x1b 0x5b 0x44"
    },
    "0xf72b-0x20000": {
      "Action": 10,
      "Text": "[1;2F"
    },
    "0x36-0x40000": {
      "Action": 11,
      "Text": "0x1e"
    },
    "0xf708-0x20000": {
      "Action": 10,
      "Text": "[15;2~"
    },
    "0xf701-0x220000": {
      "Action": 10,
      "Text": "[1;2B"
    },
    "0xf70b-0x20000": {
      "Action": 10,
      "Text": "[19;2~"
    },
    "0xf702-0x240000": {
      "Action": 10,
      "Text": "[1;5D"
    },
    "0xf704-0x20000": {
      "Action": 10,
      "Text": "[1;2P"
    }
  },
  "Ansi 14 Color": {
    "Red Component": 0.58039215686274515,
    "Color Space": "sRGB",
    "Blue Component": 0.83529411764705885,
    "Alpha Component": 1,
    "Green Component": 0.88627450980392153
  },
  "Ansi 2 Color": {
    "Red Component": 0.65098039215686276,
    "Color Space": "sRGB",
    "Blue Component": 0.63137254901960782,
    "Alpha Component": 1,
    "Green Component": 0.8901960784313725
  },
  "Send Code When Idle": false,
  "ASCII Anti Aliased": true,
  "Tags": [],
  "Ansi 9 Color": {
    "Red Component": 0.95294117647058818,
    "Color Space": "sRGB",
    "Blue Component": 0.6588235294117647,
    "Alpha Component": 1,
    "Green Component": 0.54509803921568623
  },
  "Badge Right Margin": 10,
  "Use Bold Font": true,
  "Silence Bell": false,
  "Ansi 12 Color": {
    "Red Component": 0.53725490196078429,
    "Color Space": "sRGB",
    "Blue Component": 0.98039215686274506,
    "Alpha Component": 1,
    "Green Component": 0.70588235294117652
  },
  "Window Type": 0,
  "Use Bright Bold": true,
  "Cursor Text Color": {
    "Red Component": 0.80392156862745101,
    "Color Space": "sRGB",
    "Blue Component": 0.95686274509803926,
    "Alpha Component": 1,
    "Green Component": 0.83921568627450982
  },
  "Default Bookmark": "No",
  "Cursor Color": {
    "Red Component": 0.96078431372549022,
    "Color Space": "sRGB",
    "Blue Component": 0.86274509803921573,
    "Alpha Component": 1,
    "Green Component": 0.8784313725490196
  },
  "Ansi 1 Color": {
    "Red Component": 0.95294117647058818,
    "Color Space": "sRGB",
    "Blue Component": 0.6588235294117647,
    "Alpha Component": 1,
    "Green Component": 0.54509803921568623
  },
  "Name": "Default",
  "Blinking Cursor": false,
  "Guid": "82636119-EA17-4A26-9AA7-408172F4A9C8",
  "Badge Max Width": 0.45000000000000001,
  "Idle Code": 0,
  "Ansi 10 Color": {
    "Red Component": 0.65098039215686276,
    "Color Space": "sRGB",
    "Blue Component": 0.63137254901960782,
    "Alpha Component": 1,
    "Green Component": 0.8901960784313725
  },
  "Ansi 8 Color": {
    "Red Component": 0.34509803921568627,
    "Color Space": "sRGB",
    "Blue Component": 0.4392156862745098,
    "Alpha Component": 1,
    "Green Component": 0.35686274509803922
  },